x,y,z
0.0,0.0,0.0
0.03945631742477418,0.0005641181851907279,0.00023040508529811708
0.11344602361913945,0.0020386996384011234,-0.0014151344720151676
0.2232008890333554,0.010204300445240276,-0.006313301156553706
0.35636836770958336,0.02738590326075925,-0.013645805309373538
0.5042346183794367,0.06100052701542422,-0.02614958699058787
0.6582747436652219,0.10145274944860137,-0.04269626445588646
0.814329516426906,0.15535359704185356,-0.06345805770549214
0.9744191375357892,0.21875203566093465,-0.08731176470894735
1.1290666549921657,0.2881746221949536,-0.10961466210954857
1.2855528031844252,0.3732926573093005,-0.13420475259237605
1.4349418871880006,0.45877372763311186,-0.1566671809090062
1.5840778060210392,0.5548892915105473,-0.18115224090578774
1.7309192161822782,0.6533385926402094,-0.20414024068951986
1.8725045861688037,0.7591220555321512,-0.2285392586024793
2.007900911909448,0.866283422129143,-0.2520054595803011
2.140317459712615,0.9780335365733898,-0.27737285211899104
2.2717795956663847,1.0925827585903112,-0.30409348017704324
2.402598168416099,1.2099095751914017,-0.3323336749745605
2.5332316953002114,1.3318764478758807,-0.3616704676138722
2.663102426163271,1.4566194766666931,-0.3921120529592419
2.7930555000534905,1.5836565544383385,-0.4243103502066211
2.9235821943506366,1.7132945566356734,-0.4567117215831778
3.058086251127165,1.847667275208565,-0.4910475782532749
3.1919775836544693,1.9856678405504569,-0.526540359466522
3.3261289278336603,2.1239350001979016,-0.5627010746749701
3.4628640481521336,2.2674549067124237,-0.6004042591691374
3.595704177198728,2.4075140775110575,-0.6376806894732466
3.7284203310987225,2.5497772705081907,-0.6766054120908025
3.8619071862103382,2.6944093854448044,-0.7154917099852484
3.9988565516616688,2.8455489181303784,-0.7564411741205719
4.132758648878973,2.9939899085539037,-0.7969240894082589
4.264420079823786,3.144734849141272,-0.8383370152310267
4.39460052175462,3.295411948945772,-0.8811798849181489
4.524683929703189,3.443472173563829,-0.9241483163140312
4.652182826365795,3.5935843331806105,-0.9670391397954712
4.781133690955161,3.749069630999943,-1.0121709663316865
4.910488526491257,3.904625469697173,-1.056434166655982
5.039004153424056,4.059241320662421,-1.1009955509814648
5.168742533570709,4.215582901930274,-1.1466850936140998
5.295401074696136,4.367218744412652,-1.1917387322858695
5.420366111719795,4.518066360367123,-1.2370747051417972
5.546951947791216,4.670970984800961,-1.2832557193560312
5.6760248776976585,4.823170883162718,-1.3296818915625779
5.804689127837393,4.975567740815934,-1.3767701806821806
5.931372726959474,5.12985630603066,-1.424488662279019
6.05936661221202,5.285645138161892,-1.4721280074152827
6.184547374439665,5.438968478554032,-1.5203895206833558
6.311405288042456,5.5939634592889425,-1.5702902232494804
6.435496692793741,5.744870591991515,-1.6195462936314473
6.560630504925508,5.895574546698841,-1.6687574318931302
6.686519983290745,6.045219769644487,-1.7186043375276687
6.81180715260983,6.193303785189676,-1.7685584733307558
6.933524853492461,6.338141392967309,-1.8170768689077752
7.054210313585192,6.480839770705212,-1.8650164317539781
7.1724885837295105,6.62352692031771,-1.9129025924270529
7.286102264289478,6.762636773198121,-1.9590934128093338
7.402630477576084,6.901903322611755,-2.00595511368927
7.519390223121592,7.042476747923186,-2.051596655976965
7.632075713233079,7.179984253809178,-2.095196651017335
7.745186822380477,7.3187062220158765,-2.1386394154534636
7.858875578186327,7.455713925516039,-2.18210254079754
7.97073421019922,7.590603450519457,-2.2247653454825236
8.087987978861426,7.728654671295405,-2.2670737908998397
8.204139929007951,7.864777283734385,-2.3090536357128633
8.321287682220689,7.999247885038147,-2.3490839714633265
8.43532899291996,8.132620977949172,-2.388514474075388
8.548172074984814,8.267031715408365,-2.426453290663613
8.658800176950743,8.39889814057445,-2.462754524715034
8.747116707554149,8.51752086889169,-2.493101293181582
8.825634684942182,8.610043145506953,-2.5162632895262815
8.913846433524986,8.689690834893284,-2.533157309508891
9.0045335934787,8.758219076459431,-2.547622666693188
9.121923207014056,8.825243055811422,-2.558970607852141
9.267096533420519,8.893062911442572,-2.5689768680940737
9.440366432087568,8.95434626286087,-2.5740399983389644
9.589111789364592,8.999163737828143,-2.5765394098038
9.756064859024022,9.022945166747778,-2.576022813411503
9.94314968691496,9.049776422771307,-2.5773172681912873
10.091387741211866,9.073045152612385,-2.5820620400740597
10.240125014515673,9.12615172329008,-2.591190442407238
10.393055022423175,9.179944837429208,-2.6026059870828564
10.550196613962681,9.228156456855963,-2.611549024113429
10.720742615542644,9.259105954175558,-2.614477102127209
10.90448067029897,9.270737531050303,-2.6144492568077977
11.109072029495794,9.278215717432772,-2.6165087431214844
11.326204231874513,9.292971563264482,-2.623073610781805
11.501824389818278,9.32000103940078,-2.631016812761227
11.631500584948286,9.361181383514197,-2.64186602591541
11.776954851269121,9.408452719640342,-2.6549262165548173
11.93747828074845,9.454736949148838,-2.66497661900779
12.11167268644728,9.48506169006965,-2.6704139343287756
12.297674193788668,9.497337574823046,-2.6715027228902506
12.50238617288093,9.499481782133133,-2.6729870973559358
12.72492664947736,9.504320712278659,-2.680131486007877
12.907108572966571,9.520578459712226,-2.6901145651428124
13.043649598870344,9.556474594596352,-2.7018172228759068
13.195696428663501,9.596120071629873,-2.7162577762622773
13.36877910829338,9.63441815394086,-2.7289078404253373
13.523296820410787,9.654335582527453,-2.7357114239580973
13.697193430752757,9.654458605592785,-2.7424898133555455
13.895774939957784,9.652844941019978,-2.753663017439989
14.108292796903791,9.661483806539584,-2.770776036804974
14.27948436556801,9.682774492256145,-2.788910672294599
14.408294242343144,9.719813028396862,-2.806300424596879
14.554862723601838,9.762755209144016,-2.8280802239203613
14.727257172802195,9.806104304972497,-2.84975312856946
14.881949723471845,9.831463811248172,-2.864362643445816
15.052364259553642,9.83623747498757,-2.8797930381740815
15.243732335732073,9.839768532919681,-2.900179857535841
15.439898374541356,9.85181962147766,-2.924128230399099
15.593790170406137,9.875883442817655,-2.9481408519614702
15.757165211569346,9.924640451245088,-2.9783938865616277
15.923682156694577,9.976921413644638,-3.011183172759069
16.090685606809863,10.021403553125205,-3.0415451129046573
16.261177045697448,10.04343914303147,-3.0665539407437477
16.439570580668178,10.054355706332657,-3.0918894244475417
16.627463851774856,10.064603171919927,-3.1191649198792484
16.809412027128204,10.0890110841992,-3.1498969230401923
16.948659046771173,10.1221831653818,-3.175924244445775
17.101762871998936,10.175160052779178,-3.210716890099864
17.26864825949348,10.233399751985377,-3.2508460053832025
17.425508462471797,10.277104007475044,-3.2861500961988486
17.579048866120655,10.298377161282653,-3.3184250813698037
17.746628768314526,10.32112415150498,-3.354351855947579
17.90722938789762,10.351330053552546,-3.3879995167878554
18.041072100713336,10.39339217865048,-3.4194262346740962
18.196337825838345,10.451659985972857,-3.457995362809953
18.337636317629272,10.5061358445313,-3.4959553775330305
18.47605566701814,10.535978655648606,-3.5304447699875423
18.63052235309573,10.571605300396826,-3.569340514042604
18.778884190423025,10.613997572927929,-3.6047417126040475
18.91778893957701,10.670789165788337,-3.6401344217688227
19.072162539519805,10.740734611469579,-3.6789054658888647
19.215080089390376,10.803556144882373,-3.7152050039227706
19.357866326060666,10.841306793103039,-3.748590160698822
19.510136184385747,10.882366753429002,-3.785090815184159
19.665738507404512,10.935560363703498,-3.8195697090368985
19.82251720318407,11.00340355214439,-3.8560738445948406
19.958656918182278,11.06391388732789,-3.8859632594379976
20.101846814694888,11.147064015877277,-3.9232426997709875
20.236386264523823,11.223996058662662,-3.9595796641953016
20.376561274519457,11.279590477135914,-3.994292821818267
20.53017979492819,11.34337016062176,-4.033962223125545
20.678899482840517,11.412279186797775,-4.071536495903598
20.81488540046041,11.487299106725288,-4.107143136286854
20.959857901535074,11.579786873839621,-4.14699196794783
21.093848452218676,11.661166287221983,-4.185128376638147
21.22786925960079,11.72745449405096,-4.219760693105453
21.377690059701813,11.797140516330547,-4.258244660073076
21.527331894660797,11.875040841692146,-4.295160131583736
21.671621888230415,11.965343638088266,-4.333090396778319
21.81424092652023,12.058128881688454,-4.368815591160158
21.945602657427955,12.154466103125905,-4.403173931086835
22.085643032638483,12.26994685944599,-4.443327273254461
22.21814160880042,12.37026686387169,-4.482823738825576
22.35302723221219,12.464931919684409,-4.521852573803732
22.494902800780494,12.546373106111444,-4.562131983950194
22.632888235093965,12.63086295381826,-4.59998596099351
22.771714051385153,12.727653117323879,-4.638477425381182
22.906002518447156,12.827783674298043,-4.6738230287721425
23.039889720193774,12.936571736784927,-4.710203641569687
23.17241879649657,13.054297035066273,-4.745414599262648
23.285993617249996,13.162001840087035,-4.7764045665322925
23.408098389093823,13.291440612173265,-4.812975264430472
23.53229959542941,13.408243551047102,-4.85066491059379
23.662723646489983,13.52046590767115,-4.8865346928350855
23.78761306367706,13.6417374736446,-4.922807764994456
23.911321209013778,13.768517971298344,-4.956645689147035
24.03041757438425,13.898127617375195,-4.989491349808894
24.14768179307102,14.032940750332818,-5.021555277207494
24.256320139263103,14.164750322681659,-5.051905705575769
24.36418619860419,14.310589620220497,-5.085539818027645
24.482054239327425,14.449030840336151,-5.121619942369375
24.606959769139102,14.580186823858604,-5.157529715682914
24.725023922347813,14.720042053251813,-5.194206972900311
24.839878637872804,14.860506244528892,-5.229695273924243
24.956716865014133,15.008092928015444,-5.265835441919597
25.06948168436701,15.161141868564307,-5.301568396542526
25.182011189805394,15.319084514741087,-5.337106705257251
25.289265495935343,15.47759860534153,-5.372041771288817
25.398373961460045,15.635283132430736,-5.406990262172021
25.505903733932776,15.798568141330215,-5.4430965875977115
25.614038643582973,15.966531546804232,-5.479686722964115
25.724032407970494,16.135204339683973,-5.515633752298741
25.828472544620006,16.30385637106736,-5.550907876712433
25.93298676822445,16.474042522830622,-5.586581168668448
26.040474091530275,16.64731289672589,-5.622602919864212
26.146101763837756,16.82032020473194,-5.6579944130939435
26.250248787963258,16.995674330270425,-5.694383702120464
26.356385941525396,17.172085259077935,-5.730661637461408
26.459194563232238,17.34697026160864,-5.766894574213325
26.560350953670444,17.523657920035948,-5.803471683146416
26.659603322236425,17.700546838006996,-5.8401762270709305
26.758951524955307,17.875834515507005,-5.876774458837061
26.861051236968642,18.054738957924457,-5.914567201701984
26.96623393482863,18.23607590415536,-5.9521277419648015
27.06573845255132,18.416422008633553,-5.989551877157632
27.168733249079416,18.595955903791516,-6.02706466326672
27.269389637451653,18.774695876337027,-6.064351952948716
27.369542216664826,18.954869396822737,-6.102593449764427
27.470071066460758,19.135289020595483,-6.141268289347294
27.567635265358113,19.313903181210204,-6.179581682614938
27.668695711772916,19.492903488308677,-6.217275011234488
27.770292061231114,19.678051329647342,-6.256793157771977
27.872898324359905,19.86089238661004,-6.295387677779717
27.975486808135237,20.044870816460826,-6.334149569278138
28.079059831109358,20.229304716657555,-6.373541921083863
28.179830762385755,20.411990403464102,-6.413609306272642
28.28110331783461,20.59390273657865,-6.4536873148945215
28.38437750808398,20.77815763839427,-6.49462442744465
28.487286606942007,20.96529238892735,-6.535882320574733
28.58582747912212,21.148510776208834,-6.575789364289918
28.686549702698706,21.335060756774237,-6.616927704638376
28.78593714352269,21.521321005811235,-6.658580225400666
28.88369122001109,21.707487636061927,-6.6992645864052145
28.9802723408145,21.89283143021579,-6.740552949929241
29.0736230711602,22.08118565932792,-6.781889609135811
29.167399717917334,22.26961811457015,-6.82378034001196
29.261704980523735,22.455769884547745,-6.864860179090555
29.352767464861266,22.643342841153846,-6.906629170316915
29.445376140222663,22.831467226880957,-6.949061944481701
29.539510313414155,23.018578934207756,-6.991396601481109
29.63098233933858,23.206773800916217,-7.033804913759672
29.72592597202967,23.39757084291711,-7.077311018696323
29.816193615181927,23.585743490302242,-7.121051150706052
29.907765232752848,23.775099290017362,-7.165284291013865
29.99889760703418,23.967537384627626,-7.2113670142085
30.09213879280143,24.15983301550365,-7.256299161885225
30.18520870001472,24.353777950443504,-7.301653776311179
30.27797846171752,24.5431773858445,-7.346390077879184
30.370074227742982,24.727663297721612,-7.390607094573782
30.46021470650155,24.915179069708156,-7.435614748211056
30.54945943117638,25.09912470093409,-7.480804600009699
30.64330563535963,25.286888461055764,-7.5264677210087765
30.735251292877017,25.47184209830962,-7.570891934229279
30.82662679831336,25.656041314884018,-7.617169336316669
30.918117445248527,25.842108101932194,-7.664728616199815
31.011246323917742,26.02751573252878,-7.7125392115685365
31.104711397345877,26.21884648733518,-7.761062520383085
31.192188524536643,26.404401090872295,-7.808064594964482
31.283828649286114,26.592193418479848,-7.856930437492024
31.37174629308408,26.779941651841835,-7.905650365446954
31.46053840302474,26.96568528356356,-7.954355118206354
31.549207664041006,27.148031664882282,-8.001748044377143
31.638378109641323,27.3324482091081,-8.050652982150138
31.727906726094403,27.515321522996242,-8.09899061134817
31.8217628790464,27.70040727492158,-8.148077340674481
31.90968772149556,27.885883863961354,-8.196504209174977
31.999427378677854,28.06963335939121,-8.245768786818045
32.08790481478688,28.251537265324664,-8.293869054577
32.17445617117412,28.433976743136704,-8.342991676331755
32.26329402128442,28.61738029333664,-8.391793762979738
32.35058342132869,28.79652146282655,-8.439905824325761
32.436254273611205,28.972090231086185,-8.486231799256181
32.524962633831755,29.15110375260838,-8.533032162126045
32.61487991317853,29.333232530031378,-8.579873480554994
32.70703439921619,29.515233996990176,-8.625335075291181
32.79795280688349,29.69938897538175,-8.671669603637984
32.88560475141634,29.880062216933162,-8.715485698416243
32.97657309066366,30.061541753461206,-8.759670868876075
33.06695635490254,30.244306694296185,-8.803878728676564
33.13881295499745,30.392585004977004,-8.83974916270852
33.20071385777918,30.503396259358418,-8.866375728260675
33.238154671513996,30.58361620061048,-8.88040193514617
33.25576222141743,30.629220171171838,-8.888450190949497
33.26138907088897,30.638511319928718,-8.889454228581307
33.260880483307204,30.675169427802338,-8.891536957977259
33.25673372058697,30.75033837489623,-8.894818216200859
33.242505882132036,30.86194113346593,-8.901014849171258
33.22074958995783,31.008376155115695,-8.911636618937473
33.20570821290715,31.17623169020362,-8.921604186145178
33.18745121860823,31.325162109159983,-8.929664395185807
33.15325243087726,31.504155109878297,-8.942419728408039
33.13351275924436,31.662270561859437,-8.956639967023609
33.10800351840782,31.80739137019867,-8.969953180395816
33.056330435684025,31.972529840997783,-8.985560378653048
33.00956528115686,32.13808743054544,-9.004493762818681
32.95233278900885,32.310513896348574,-9.027066849494826
32.89793167043085,32.470876184221396,-9.052658738751981
32.834323432714555,32.63159660578155,-9.081021994683272
32.76867744535526,32.787304714797585,-9.115432011550544
32.68012818650469,32.9653751983252,-9.159827797813504
32.59872995613467,33.10948085974952,-9.199153615347008
32.52299503025833,33.2799987340762,-9.246621903440667
32.4735786124361,33.41854783979358,-9.286545095446384
32.41882426859498,33.56192977664959,-9.328807009480144
32.33410678125619,33.722829970043115,-9.380581396649875
32.26234618735097,33.875421489441614,-9.432135438927437
32.16671785470485,34.04569044848828,-9.49564564835757
32.08104829051305,34.176524079580446,-9.54983824757621
31.993570955106478,34.32999212773713,-9.610529347678575
31.925307792303247,34.4847235095503,-9.673312884203865
31.86030203972906,34.63521612378212,-9.737984451435157
31.785361422537136,34.770725784598014,-9.80296793338906
31.68848460509188,34.92489093895786,-9.887231426354319
31.60147876467795,35.041912899888004,-9.954862833710148
31.517674630835288,35.16831526858771,-10.023635584955974
31.43920853915401,35.322776577353906,-10.107881256609852
31.372190363378067,35.461980264355304,-10.186634690352092
31.27524483953321,35.61442549658852,-10.282917660749712
31.18705749602062,35.7496978426093,-10.37214213952855
31.12231678088122,35.89342036378849,-10.459148673148635
31.063001016949837,36.02079643057293,-10.540670504647673
30.9729474517924,36.165432714003494,-10.63493896068917
30.890834649054693,36.2992614098376,-10.725359235495073
30.827820794477923,36.44377978773634,-10.812256309652122
30.768589915934438,36.57457718368059,-10.893951927688532
30.68028971016631,36.72469347745001,-10.988696001098537
30.588398340025993,36.87444362898266,-11.087350830052713
30.504807342107352,37.04893972697152,-11.195907954047389
30.42729802353239,37.19128323031037,-11.284909888089356
30.36812570162597,37.341353416661285,-11.37200499960522
30.2988278399896,37.51212711736004,-11.475367842076789
30.2205333556156,37.65972208369097,-11.56776829340799
30.143064036701993,37.82310297735786,-11.665008630835052
30.07221960888321,38.00818863174946,-11.774662396532571
30.007179355796747,38.17130106293913,-11.872584175939577
29.94529416863694,38.34963752714172,-11.973050682825363
29.882419940081522,38.52301299031478,-12.070930532523517
29.826128940197215,38.70688951504419,-12.169125641053082
29.770284882206102,38.882329541109456,-12.263029562467331
29.719604786244833,39.07568069508264,-12.359695928523976
29.670657129094835,39.25237251076221,-12.448802102941716
29.62775192153525,39.437064012722075,-12.53843692764298
29.587851438983073,39.62998486383959,-12.63085017300678
29.54963302990224,39.824085669436265,-12.721743620772251
29.514090683630826,40.01984428405853,-12.812113069852611
29.483416580812236,40.21161199645622,-12.899708321739581
29.46021553019121,40.40393697412679,-12.984910515158681
29.437003956747706,40.59370997408897,-13.069311133150482
29.415933876791144,40.78581710288296,-13.152540326994279
29.39901377106855,40.98369292159042,-13.235748724174401
29.38162689166225,41.18265406154411,-13.318479533243433
29.3689930133544,41.389058007647755,-13.401678425561991
29.358825481750294,41.59221479055513,-13.482310485482754
29.34621617124664,41.80396822617976,-13.565213606453243
29.33740501415007,42.00756513404974,-13.643040767925708
29.32778489597505,42.219053768616675,-13.72043413994603
29.322002242892694,42.427635731475576,-13.795079088640978
29.317628411466526,42.627416562299764,-13.864495570493897
29.321228775878588,42.828921606504956,-13.931210963787628
29.321147728718625,43.032892499809456,-13.995498366444158
29.32236256294614,43.24245867006323,-14.058622948024926
29.328802143836985,43.45699599038576,-14.119246507312242
29.333586958616817,43.66283529161314,-14.175810620394946
29.344351789447206,43.86419976829446,-14.229239205136688
29.3545153080402,44.070633426053305,-14.282146586741758
29.364715110518265,44.276090977713075,-14.332400612790204
29.37660962744397,44.48200983873103,-14.383106099692245
29.390836807862648,44.69126067057177,-14.432736571405174
29.402160249600904,44.861765588465104,-14.472969143496979
29.40730042235639,45.01444363453432,-14.505891500923264
29.429985327568723,45.169820725167675,-14.532590076431756
29.464720751532944,45.31481351917489,-14.55571189530588
29.518477482458213,45.46252853275725,-14.573557381076675
29.589690956339403,45.61237081286808,-14.58928228397224
29.648921303885405,45.724832151389904,-14.59708853487754
29.70233425876989,45.79193261579687,-14.601772320061906
29.777231335004608,45.88654194646878,-14.601583581910827
29.831508798190665,45.94860099353302,-14.601539284810059
29.88052990818349,46.035482707230344,-14.59617165683523
29.921839688329108,46.111231358686375,-14.590571599872495
29.948294925060008,46.1497072527649,-14.586338145049163
29.957515668100065,46.164805696651314,-14.585004305413445
29.971350269411253,46.185365627168984,-14.580987342332966
29.99724035940768,46.22489732382979,-14.571941559477647
30.028215713138632,46.275282068505604,-14.559843598682646
30.062041637438295,46.327248819001525,-14.546989426177038
30.12399187590666,46.401791012904354,-14.523150598778814
30.2091804184841,46.503135301839876,-14.487372208527226
30.287800504738815,46.605749334744196,-14.451284112182556
30.373531405533345,46.73924181739267,-14.404828780422484
30.470293176739787,46.88573965446945,-14.353904076962023
30.56661080364815,47.00322637228747,-14.30667287039106
30.68738150885996,47.13348715222807,-14.248000689339765
30.79935614549872,47.25519593576915,-14.192267625982364
30.901982890720348,47.396838364943925,-14.135419406117663
30.99451704126143,47.53587757394226,-14.086835864306556
31.100772186175,47.67536408661144,-14.03693835471485
31.185018887054373,47.78436510714071,-14.000877415584544
31.296904243685045,47.91543752765875,-13.959054366478684
31.41900231312476,48.02969265443394,-13.921690889305685
31.545644530488975,48.14400462084116,-13.883885692338
31.654409047497843,48.25679109873441,-13.851538958247623
31.731854332807412,48.345913567972495,-13.8315391894333
31.792263433270634,48.428736910116065,-13.816705952276058
31.850048582071253,48.503140842879084,-13.806817279302713
31.943518305336244,48.59561739314863,-13.796915606172586
32.06153337375527,48.70890924995569,-13.787157901528015
32.16765236645807,48.81886103350983,-13.776480867706093
32.25551876792917,48.9277829744795,-13.767734421485189
32.34765206921631,49.03473229236885,-13.7649669729418
32.474130460420625,49.1569942925314,-13.764712029963878
32.60353952906683,49.28409682265552,-13.767912783229447
32.7153512342276,49.41707847709667,-13.772833912596036
32.83274999362285,49.54228465914841,-13.783153492049436
32.94973608167282,49.667105909063395,-13.795952747303824
33.06507255654901,49.80028691933171,-13.813822453581164
33.18712041570843,49.923342414915204,-13.832509525606483
33.30208575463714,50.05288300717348,-13.853240998362937
33.42224364967713,50.17388861231378,-13.874325326171457
33.542990400306316,50.30763015202317,-13.89877498341623
33.66635401968852,50.43202540542828,-13.923387129653092
33.78684624955752,50.56473220032577,-13.950621040686086
33.90745068290415,50.69162564728914,-13.977654002276617
34.02810159905622,50.82098421189269,-14.00701267428987
34.149596373769214,50.94479533491783,-14.035351809599117
34.26974707525662,51.073666460898856,-14.066130314027907
34.38949641624742,51.20055064973171,-14.096365019971715
34.50972487506735,51.32798986236142,-14.12737684037075
34.627932619135116,51.455580321276265,-14.157660036063561
34.74552697385201,51.58343944195274,-14.187945281239216
34.86219360084747,51.70819009427976,-14.217752480139652
34.98052050223574,51.83331440640645,-14.249219549758855
35.09631623662561,51.95722596406791,-14.280092107631514
35.21334116634383,52.08361824421574,-14.310950212819478
35.33080498430208,52.20948979634491,-14.341513067074798
35.44570950072667,52.33635333340947,-14.372512938114449
35.560401910445684,52.46298334525234,-14.403891976764159
35.670799067667595,52.58677730964009,-14.433286956569994
35.785314046120746,52.71243861335838,-14.463013457445044
35.899061948300584,52.84131158673198,-14.493168300276805
36.0111809090266,52.97084774293785,-14.522819159555777
36.12243672533812,53.09869521542152,-14.551730634044938
36.23468881152263,53.2272068513939,-14.580799199456658
36.34402856081879,53.35584091912955,-14.609887062004562
36.453766024659274,53.484629616641335,-14.638545723556888
36.559268868119425,53.608706994227255,-14.665945185437456
36.66803139871367,53.73890363944817,-14.69377251338665
36.77204502147457,53.865089798893266,-14.720033079414689
36.877967420808744,53.99735548889169,-14.747395282242369
36.98731300198848,54.12964261813221,-14.7749312241314
37.09512890090068,54.26341095369067,-14.803084311501392
37.20458247730439,54.39580955500905,-14.831623252215275
37.31263245429348,54.52789645333038,-14.859135777151483
37.41858608876612,54.65861986993644,-14.886002576867075
37.518658560855954,54.790793855314284,-14.912698623659953
37.626133605123435,54.92361284228474,-14.93957572282361
37.73435946972772,55.06586773205162,-14.969078043464407
37.84686983197263,55.20424025543801,-14.998512024490385
37.95578416536342,55.34684872096642,-15.029195974166273
38.06996111563327,55.488922193021494,-15.06050985869099
38.18009388626736,55.635244957512676,-15.092950444398882
38.29181348772064,55.77928562903534,-15.123659501410705
38.401521767016405,55.926121988273316,-15.155841708192945
38.508605726091126,56.069510468981434,-15.185780731625467
38.61082057032705,56.21069957203022,-15.216989675249891
38.71766030132212,56.35278670035064,-15.246987314935978
38.82479205677121,56.49715873505848,-15.27996778025698
38.933318688891006,56.64056447339935,-15.311082572818757
39.04261296670562,56.78679177978546,-15.344606158154214
39.15081643884884,56.93295611929362,-15.376592803922724
39.25898651569648,57.07867141505185,-15.409343235873633
39.36731760913892,57.22407831858576,-15.441654458412494
39.47613844273348,57.366580624502745,-15.47404364336597
39.58672931119814,57.51160750303653,-15.50721264982118
39.69685947119011,57.655946356024224,-15.540766439457569
39.81007621788594,57.80110111325287,-15.573894960893497
39.92092470827706,57.94949572397763,-15.607303959462845
40.03300099993809,58.09557459389971,-15.640693519984227
40.14523786481673,58.24342475034198,-15.675350890191963
40.25643327472225,58.38718644304809,-15.707585783950572
40.369505714924145,58.53499090308769,-15.742500525980352
40.483826668301,58.68308392893501,-15.777268154599073
40.598972682156536,58.83144141061172,-15.812813319563167
40.708605039425024,58.977209936056,-15.846607989955386
40.81803615729126,59.1185946291976,-15.879883230822603
40.92952893208649,59.262763810195835,-15.915432243870635
41.04176497688167,59.402783601060065,-15.950360005013865
41.15422922663005,59.545289403527526,-15.986568474624574
41.27215785531172,59.69128747525374,-16.023917343219512
41.388171089549104,59.83403395737016,-16.059582311885933
41.509237248069184,59.98015716803332,-16.096083722618523
41.63077115413111,60.12938513800405,-16.133040462594344
41.753243198390884,60.27526536327745,-16.169992710470463
41.87632832515292,60.42021062942085,-16.207724778566508
42.00342219755041,60.566280232925195,-16.246286763070167
42.131921473948815,60.712302495980076,-16.28481891822656
42.25789261943044,60.85640192479805,-16.32399248166196
42.38796314897085,61.002326691980684,-16.363420477829685
42.51630706027361,61.148676170799206,-16.402938122198087
42.6486290889068,61.29789529340184,-16.442773350187746
42.78199902692265,61.44644260839342,-16.483779775213907
42.914230288032975,61.594798392675614,-16.525354921992193
43.04664283175861,61.74314432295133,-16.56717686107165
43.183614503691494,61.89253305270944,-16.610238097471754
43.31487612529604,62.03688558211218,-16.651391837404596
43.449501737006464,62.18220295426144,-16.69405767681929
43.585534205574604,62.32977313054845,-16.73730348811397
43.724913130349606,62.477107068695666,-16.78108952971098
43.86358553215393,62.62331974914405,-16.824037006678154
44.001380277854295,62.772699612661,-16.86720041195594
44.13800594077085,62.92145858778981,-16.91198763388866
44.27975709451435,63.07042671348981,-16.957699906763
44.41941227621615,63.22214937273275,-17.00383167628324
44.561541451817355,63.37606441918432,-17.051211554588487
44.70424207325975,63.528346880174915,-17.097368897379052
44.84683741102403,63.68447872108126,-17.144426261918767
44.993664689945774,63.84375501083499,-17.192452874438928
45.1344936007615,64.00161747312649,-17.240705612701753
45.28156849571024,64.15856113046866,-17.289582276121962
45.42468202602416,64.32029425782925,-17.339642708578886
45.57159773159265,64.48454426926992,-17.39136572623803
45.71902889801516,64.64933198870311,-17.44249695841794
45.862871982164314,64.81464434032688,-17.493441914054564
46.01056064252551,64.98131950382505,-17.54524338753804
46.15775260568772,65.14921543164928,-17.597197302150462
46.30692262464547,65.317166507224,-17.64976339475042
46.45022871050023,65.48369313113194,-17.701879990655186
46.59922168206775,65.6515787537937,-17.75450033553804
46.74304787299326,65.81648520407131,-17.807396803183526
46.885931156289224,65.98013495200307,-17.859135890872444
47.03428707998922,66.14739631728379,-17.912925278695067
47.17916423816146,66.31362790661086,-17.966687171878956
47.327683429431204,66.47925210276016,-18.021204811471932
47.47161546193334,66.64394070831875,-18.075674119698284
47.6183699526248,66.80787502945265,-18.131216233385786
47.76074172320514,66.97261602259356,-18.186555549037607
47.90301052768385,67.1344813605232,-18.24085562903411
48.047914680434694,67.29433291095404,-18.29648389988862
48.19122666965451,67.45305857506065,-18.35146347791481
48.334773683441504,67.6127316512243,-18.407108668133446
48.47587336714538,67.77148092908288,-18.46172157792714
48.62047504564842,67.92983893666224,-18.516558718166674
48.76219372596935,68.09037223982389,-18.571319262831725
48.9044263954631,68.248221791923,-18.624720178714913
49.04307987027157,68.40352938303936,-18.677839510820057
49.18143879927284,68.55855522147404,-18.730128542387675
49.293488441935885,68.68474434017149,-18.773643195467713
49.386418880154885,68.77660714032214,-18.80812690258655
49.44764953457551,68.845239388994,-18.833529436970615
49.48655871333684,68.90087593846172,-18.850155316643963
49.529623411217266,68.99161530171011,-18.870474954979667
49.57760745244976,69.11981359051929,-18.894155897255573
49.62437411733484,69.24452818789932,-18.915400086994318
49.669958715625384,69.40382854573801,-18.943257261128707
49.72275386026151,69.56190572746503,-18.974641444894505
49.77074573711069,69.74931315082951,-19.013861944002098
49.811166841811996,69.93004774074221,-19.05437117442358
49.867260176821844,70.09704506691523,-19.095363501121675
49.91406974875833,70.23791179897994,-19.132770840898175
49.94617408449874,70.41221137610648,-19.179808109478017
49.98244670901784,70.59152188307176,-19.23168626591726
50.02807606968351,70.7543178269228,-19.28080643777986
50.06952786653429,70.90665755198819,-19.331013093930586
50.10408156748324,71.08995716397875,-19.395831590689152
50.12757862207598,71.27815108224334,-19.463935475436458
50.16105756993883,71.4697435267058,-19.53367844628575
50.19269991825377,71.65727429993932,-19.602831735694252
50.23133291727435,71.84584272471977,-19.67008310513456
50.264639792737576,72.02710730570541,-19.73562677747199
50.30725950741935,72.21761656705091,-19.803960551075313
50.348771033491516,72.40865419885826,-19.872117630333317
50.39071292449138,72.58209928314629,-19.932312112555728
50.437897620448155,72.7742832309634,-20.001851710712142
50.464809201282065,72.96070852458753,-20.070506179048895
50.505037479698274,73.16232036345126,-20.145209251694215
50.546063811060655,73.35705522980409,-20.217036007820912
50.58680902865305,73.55095454169958,-20.287907034970193
50.62599459985514,73.74708479888274,-20.35831122312865
50.668812622048364,73.93948086855144,-20.426639730199838
50.713872787757644,74.13346977703068,-20.494832638258888
50.756664618955945,74.32582297837313,-20.561921655090952
50.79951837421445,74.51912681111547,-20.629165569500724
50.845374592623564,74.71610668901963,-20.695954675730867
50.8879662768488,74.90995244280431,-20.761273210908854
50.934216173530594,75.10473513259477,-20.82649538888414
50.97732287137822,75.30222392335989,-20.89187239056596
51.023563280192455,75.50706843435128,-20.957097030786127
51.06514292022412,75.71095987551278,-21.020479381762815
51.10588622315733,75.90790887690562,-21.080369741686386
51.14497986651307,76.10860400944375,-21.138922857162623
51.18392433430427,76.31239089147535,-21.196717006201826
51.22048652485771,76.50503226031284,-21.25130448828469
51.261408948909136,76.69738516061567,-21.304279011143002
51.29799591087639,76.89169017382335,-21.358954246784286
51.33675934845085,77.08510128080876,-21.41253242127422
51.373995525261414,77.27367061411934,-21.46544669739984
51.41242577139676,77.45836405030401,-21.516925250067175
51.45133285156835,77.6424465900581,-21.56747214969956
51.491685585365275,77.82628099807472,-21.619024903582957
51.53471713754466,78.02129839699639,-21.671170589922987
51.58463172403506,78.2170223663546,-21.724963082879416
51.638293896700205,78.4125755916018,-21.77922791333777
51.695010861753744,78.603932461618,-21.835502419334414
51.753876453952984,78.78826916036189,-21.8899780241917
51.82175496968717,78.97473324193788,-21.94608037468688
51.8918026769751,79.15730183752147,-22.002095458232485
51.96795724088306,79.33604121105556,-22.060400171599134
52.05327570031019,79.51414475914537,-22.11943565685703
52.136325157494994,79.68960268368882,-22.1786763902274
52.22462226748706,79.84983962155576,-22.234150832837315
52.31668395378843,79.9905429702111,-22.28767295021135
52.395093422224846,80.12204146742943,-22.337017340635345
52.46519327013698,80.2622092574545,-22.3898992479544
52.535134366277894,80.40398764994904,-22.444016023373564
52.6166880556766,80.54443049489765,-22.49904479890064
52.704827065393786,80.68262651579693,-22.55447319903968
52.80185279645057,80.80664818211496,-22.60694710853772
52.89300117562293,80.93259101318296,-22.657682378840704
52.97674531253826,81.05992978620978,-22.708275175060813
53.056560714421316,81.1887516966729,-22.759389990030844
53.14930654720225,81.31910821173878,-22.812340072237248
53.248032787911264,81.43911597724339,-22.863424170934174
53.337439407845494,81.5606986320678,-22.91114786450506
53.42383975929996,81.68703373172059,-22.96124389557157
53.520157018876645,81.81067297359256,-23.013129339775183
53.62531696975642,81.9305404747781,-23.064323244673236
53.73173676928713,82.03888413449747,-23.11292064823415
53.82872551139,82.14473206227746,-23.158142312168895
53.92682845816068,82.26525263279763,-23.20830730856417
54.02922331623521,82.39178381374418,-23.26236945410744
54.144017858816994,82.5183592677349,-23.316809794186398
54.265439923789,82.64768963056784,-23.375067881162725
54.39604840058926,82.77419329871523,-23.432397740367474
54.53051678399555,82.90358230290126,-23.490841502327754
54.67295206474572,83.03597633335995,-23.550519462910728
54.82241345324508,83.16885549899445,-23.611002004934523
54.97985200653716,83.30681640772846,-23.672123879024944
55.137563639613184,83.44033405121228,-23.732333989037148
55.29826381857442,83.57727026825833,-23.792563743256494
55.46166953986085,83.71236976397762,-23.853228659599473
55.62676341330743,83.84791509699673,-23.91364019040375
55.797078972613896,83.98552515455881,-23.975474501556526
55.96590506434339,84.11936102725694,-24.037864372469702
56.132902591896666,84.25264187292508,-24.099090408675064
56.30000883906484,84.38019731758484,-24.1589885498835
56.465796291692726,84.51080647770105,-24.219751035702007
56.634541213397775,84.63909584426749,-24.27872041573711
56.80172170727113,84.7649408395459,-24.336756228490163
56.968876850503726,84.8873879761051,-24.393019038062956
57.140259160304986,85.00985602632434,-24.449558204256803
57.30839849769171,85.12768635068382,-24.504155345824206
57.47512504557172,85.2419941281169,-24.557764319093497
57.639127232583,85.35425468681596,-24.610613984390785
57.803457545980216,85.46433933865406,-24.664025964931977
57.96183318330127,85.56899749032965,-24.714986761230424
58.126666768283656,85.67225063060025,-24.766687023960873
58.27761039328105,85.77400220230446,-24.81446854917193
58.438833602376924,85.8593918442734,-24.862249053951224
58.58820591487308,85.9527581612271,-24.91013549867239
58.74981491557483,86.03095012192769,-24.957856501885214
58.90551499391728,86.11696067999098,-25.006760936398848
59.06886023424033,86.19165943166578,-25.054389751395636
59.222947480424374,86.2679925670164,-25.102649899425277
59.382183033104944,86.34054949925213,-25.149754351638304
59.53827048318375,86.41059925525327,-25.19757895454089
59.699109287419894,86.4795957146412,-25.245112227785775
59.861303088829565,86.54765737053913,-25.294264514402624
60.02502334841512,86.61478106942495,-25.34320477106553
60.19173515586772,86.68274864590957,-25.393115055210423
60.3633687869586,86.74950525855976,-25.444796054991432
60.535834400993444,86.81600815349351,-25.4967333029577
60.71225852141334,86.88123760461744,-25.548391439605563
60.88778803721029,86.94348684490494,-25.60054929471781
61.06525525464426,87.00615325676542,-25.653220038925806
61.2416558888055,87.06710047210517,-25.70583792441107
61.41775503787501,87.12957419270707,-25.758951089996753
61.59750150164898,87.1903282256329,-25.813329720272478
61.77645653960769,87.24902917558335,-25.867942821863373
61.95714275228852,87.30766504783523,-25.923468785472565
62.14349301586825,87.3687027436081,-25.980598437332375
62.33289460050305,87.43087865055394,-26.038838108643446
62.522122470642955,87.49466163978619,-26.096839941332274
62.70886194708868,87.56017148992771,-26.15509183660577
62.893787705141435,87.62681198699953,-26.212864224629296
63.07985343599882,87.69326280071567,-26.270550701681977
63.26627925676075,87.76135736445683,-26.328792072574874
63.4538265297597,87.82754948416292,-26.38793573880421
63.63808277010321,87.8946348983764,-26.44743353448955
63.82315540685999,87.96121780242662,-26.50804901413657
64.00827356554142,88.03058807882181,-26.57000356859176
64.19348328953089,88.09965065549702,-26.632410177476192
64.37829415652615,88.16915282389799,-26.6950287799735
64.5655587233234,88.23856949103872,-26.757821359029105
64.74795366770586,88.30825930751283,-26.820141965233883
64.92862785824487,88.37773816734162,-26.883060941652726
65.1079797429674,88.44419443045207,-26.944563766515277
65.28446689171129,88.51067850905363,-27.005502736271158
65.45861576401047,88.57482322621117,-27.065899788469643
65.62795217422938,88.63834682711428,-27.12552807935288
65.79871871342262,88.7034589991742,-27.186894625664426
65.96626644983994,88.76563304547322,-27.246635977656496
66.13581285118539,88.82661950305888,-27.30603201284295
66.29908564826717,88.8865211160379,-27.36378152935833
66.46237472856605,88.94640595036292,-27.41992877010956
66.62776235146255,89.00655857176783,-27.477567411200024
66.79716718596686,89.06534157732943,-27.536261321904515
66.96152658459323,89.12323745670929,-27.593176844916194
67.12775562098055,89.18132804821661,-27.65106125065208
67.29674328756971,89.23918577291168,-27.710430982457048
67.46122366251946,89.29766986274161,-27.767769328989754
67.62291738645855,89.35446397681525,-27.82311985836745
67.78520335253444,89.4138297495623,-27.878314191133516
67.94728764888974,89.4715051326139,-27.931927851982593
68.11215352118361,89.5296350815025,-27.985101983593818
68.27992562598169,89.59168666854323,-28.03815394962198
68.45082405559884,89.65633328849229,-28.091877946188312
68.61980623254549,89.72416390211683,-28.14493750079624
68.78933604720449,89.79180753917126,-28.196985141184726
68.96055385454757,89.85934383381928,-28.24920010987329
69.13153316457841,89.9293365880737,-28.30101723838764
69.29925741907498,90.00123962322527,-28.351927445096546
69.47170035139871,90.07481306345878,-28.40346927245234
69.63945550818968,90.14884565904495,-28.453819580433816
69.80643965088962,90.22378572254135,-28.50293869513501
69.97163903706613,90.29891128266804,-28.552186391335045
70.13929317612036,90.37384276167009,-28.60146736658356
70.30933642023317,90.45270752404065,-28.65185061357597
70.48001955907667,90.52874295933564,-28.701586114674523
70.65578935372203,90.60784001985695,-28.753587461674694
70.82928358113361,90.68957744479381,-28.804702024789442
70.99920352107773,90.77037971852981,-28.855311774905125
71.16926335783553,90.85104550236582,-28.905524661274217
71.33469880458419,90.93088261213782,-28.95483035029313
71.5022107375588,91.01352896845015,-29.00542012425239
71.67040405371043,91.09748238060658,-29.056049492527148
71.84212019834635,91.18207140626893,-29.107783215952644
72.00913111461507,91.26734096486773,-29.159292456446604
72.17128796771397,91.35182590852988,-29.210464055809375
72.33559978579362,91.43521664596773,-29.26296628775055
72.49961158058552,91.51786391439846,-29.316507514365927
72.66258796734029,91.60201248965971,-29.370676334149646
72.82616156336802,91.68419437198928,-29.425922991769628
72.98774666507909,91.76801715700113,-29.481353555918187
73.14443869978885,91.84706141628395,-29.534938932404472
73.3021225173622,91.926311365818,-29.59032901649283
73.46010721775927,92.00561273128578,-29.647009943454115
73.62070235099412,92.08291816436682,-29.70446621864106
73.78919791126782,92.16340952501962,-29.766956875487683
73.95525821782869,92.24394532480571,-29.82762239092631
74.12095517432492,92.32192168108017,-29.88839035790809
74.27996714521646,92.39828758693173,-29.948838687581638
74.44016273312299,92.474537589366,-30.01052691545249
74.59841830734666,92.5503150020865,-30.07270710547546
74.76567171440121,92.62458859437562,-30.138903071575037
74.92690312286115,92.69995642099065,-30.205254822831602
75.0845211831988,92.77144296774597,-30.26854387590321
75.24404489288857,92.84318308258982,-30.334944071904104
75.40151834248857,92.91078598670605,-30.4005436909766
75.56080223873718,92.9769041508078,-30.46796438026808
75.72223173115925,93.04517709032336,-30.53855556354546
75.88384209352068,93.10870541173486,-30.607371278936427
76.04786668598638,93.17326512233934,-30.68048203663167
76.20809500555376,93.23236461439647,-30.751600881216557
76.3699270658649,93.29210809039279,-30.826351105381875
76.53539514956611,93.34581116021603,-30.90263498647244
76.69983438399096,93.40343663257073,-30.98048208872146
76.86949519472383,93.44554520671137,-31.059739327300978
77.03756687941676,93.50118127372237,-31.141433965548725
77.20492861684026,93.53643127485601,-31.221574129406488
77.375266479847,93.58442196708872,-31.306015873027984
77.54903794409495,93.61559318034176,-31.39169715470471
77.70603859466026,93.65180458464269,-31.47336319638154
77.86318154073743,93.67877518561158,-31.557055862453883
77.99654006049295,93.69567832497977,-31.632679712939964
78.10112940234565,93.71493693651496,-31.691235953931344
78.1723942787546,93.72895633722187,-31.728848157181098
78.22339946239836,93.73569172458242,-31.75701502406411
78.29731383796563,93.73144464451325,-31.797212985394456
78.3931227018598,93.71712365552499,-31.85120594524419
78.50857905883255,93.68618542015574,-31.915780478756425
78.60370205385031,93.65292662648878,-31.972209256704616
78.7119882161482,93.59439195935475,-32.03953167453311
78.83324147711622,93.5175973140913,-32.119569005699205
78.92110606353909,93.44956408239494,-32.179410873475
79.01711911332454,93.36090102506581,-32.25182503191833
79.09075965854899,93.28447107650761,-32.30827868943378
